PLACE_NM,GUGUN_NM,TRRSRT_LA,TRRSRT_LO,TRRSRT_ROAD_NM_ADDR,TEL_NO,GRP_NM,SEASON_NM,IEM_NM,CL_NM,ETC_CN
용소웰빙공원,기장군,35.24629,129.20414,부산 기장군 서부리 산 7-2,517094534,"가족, 아이, 커플","봄, 가을","자연, 공원 ,걷기","바다, 도시",사계절 내내 아름다운 자연풍경을 느끼며 숲길 산책로를 따라 걷고 용소골저수지를 즐길 수 있는 숨은 산책 코스 중 하나입니다. 저수지에서 은은하게 불어오는 바람을 느끼며 여유롭게 봄 내음을 맡으며 즐기는 산책의 즐거움은 또 다른 기장을 느낄 수 있는 공간입니다.
몰운대 (부산 국가지질공원),사하구,35.04651,128.96274,부산광역시 사하구 몰운대1길 14,512204127,"가족, 아이, 커플, 친구",사계절,"자연, 걷기",바다,이곳은 부산 시민들도 간단한 운동 코스로 많이들 즐기시는 곳으로 가벼운 트레킹 코스이다. 다대포 지하철역 4번 출구로 나와 낙조분수를 지나서 쭈욱 가시다 보면 몰운대 등산로를 쉽게 발견하실 수 있다. 초반에 아주 살짝 가파른 길을 제외하면 산책처럼 다니기 너무 좋고 전망대에 가면 정말 가슴 뻥 뚫리는 풍경을 볼 수 있다.
일광해수욕장,기장군,35.26255,129.23371,부산 기장군 일광면 삼성리 40-3,517094000,"가족,아이,커플","봄, 가을","자연, 공원 ,걷기","바다, 도시","약 10분 정도면 모든 곳을 둘러볼 수 있는 작은 공원이지만 산책을 즐기는 내내 바다를 볼 수 있다는 점에서 부산에서 꼭 다녀와야 하는 산책로 중 하나입니다! 일광해수욕장에서 학리방파제에 이르는 구간까지 예쁜 바다 위를 걸을 수 있는 데크길이 조성되면서 현재는 산책하기 좋은 곳으로 사랑을 받고 있습니다. 일광역에서 가깝게 찾을 수 있는 곳으로, 남녀노소 누구나 쉽게 접할 수 있는 산책코스입니다."
을숙도생태공원,사하구,35.11677,128.94916,부산광역시 사하구 낙동남로 1240,512092000,"가족,부모,아이,커플,친구,혼자",사계절,"자연, 공원, 걷기, 이색여행",기타,"을숙도는 낙동강이 바다와 만나는 곳에 형성된 섬이다. 삼각주를 비롯해 하구와 갯벌, 모래섬 등 다양한 생물들이 살 수 있는 환경이 잘 조성된 '생태계의 보고'다. 겨울에는 수천 마리의 철새들이 겨울을 나기 위해 을숙도로 날아든다. 낙동강에코센터를 방문하면 끝이 보이지 않는 습지와 갈대밭 사이로 철새들의 모습을 생생하게 관찰할 수 있다. 부산 현대미술관 맞은편에 위치한 피크닉광장은 9월 말부터 온통 분홍빛으로 물들어 가을 정취를 북돋운다. 분홍쥐꼬리새라 불리는 '핑크뮬리'가 만개해 가을가을한 분위기를 듬뿍 느끼게 한다. 그리 큰 규모는 아니지만 공원 한편을 원형으로 감싸 도는 형태로 군락을 이루고 있어서 가볍게 산책을 즐기며 가을 기분을 느끼기에 부족함이 없다.?(올해는 코로나19 확산을 막기 위해 최근 핑크뮬리를 잘라냈기 때문에 이제는 볼 수가 없다.) 을숙도공원 피크닉광장 가운데엔 드넓은 잔디밭이 펼쳐져 있다. 핑크뮬리와 함께 인생사진을 찍느라 지쳤다면 잔디밭 가운데에 듬성듬성 서 있는 키 큰 나무 아래에서 가을바람을 맞으며 잠시 쉬어도 좋다. '피크닉광장'이란 이름에 걸맞게 나무 그늘 아래 돗자리를 펴고 도시락을 먹거나 책을 읽는 사람들이 주변에 가득하다. 을숙도공원이 가장 빛나는 시간은 해가 질 무렵이다. 나른해진 햇살이 세상을 황금빛으로 물들이며 영화 속 한 장면을 연출한다. 멋진 인물사진을 찍고 싶다면 이 순간을 놓치지 말자. 인생사진은 이런 빛 속에서 탄생한다."
삼락생태공원,사상구,35.16873,128.97355,부산광역시 사상구 낙동대로 1231,513030048,"가족,부모,아이,커플,친구,혼자",사계절,"자연, 공원, 걷기, 이색여행",기타,을숙도 생태공원에서 자동차로 10여 분 떨어진 곳에 있는 삼락생태공원은 사시사철 색다른 풍경을 만날 수 있는 도심 속 생활 공원이다. 계절마다 예쁜 꽃들이 지천으로 피어나는데다 산책로와 운동시설을 잘 갖추고 있어서 부산 시민들뿐 아니라 관광객들도 즐겨 찾는 곳이다. 조금만 안쪽으로 들어가면 낙동강 샛강 사이로 무성한 나무들이 숲을 끝이 보이지 않을 정도로 드넓게 숲을 이루고 있어서 대도시가 아닌 한적한 시골에 와 있는 듯 한 착각마저 드는 이색적인 장소다. 어느 계절인들 아름답지 않겠냐 만은 삼락생태공원의 매력을 제대로 느낄 수 있는 계절은 단연 가을이다. 새하얀 갈대꽃이 끝도 없이 이어지는 장관을 만날 수 있기 때문이다. 9월 중순부터 10월 말까지 삼락생태공원 일대는 갈대꽃의 향연이 펼쳐진다. 낙동강을 따라 빼곡하게 자라난 갈대가 어찌나 많은지 도무지 그 끝을 가늠하기조차 어렵다. 잠잠하던 바람이 스치듯 불어오면 마치 파도가 일듯 새하얀 갈대꽃이 일제히 춤을 춘다. 서로 어깨를 걸고 군무를 추는가 싶더니 엇갈린 바람에 제각기 몸을 흔들며 화려한 자태를 뽐낸다. 가만히 서서 그 모습을 지켜보고 있으면 얼굴에 절로 미소가 떠오른다.? 삼락생태공원 내에 있는 습지생태원은 가을바람을 맞으며 걷기 좋은 곳이다. 여름에는 연꽃이 활짝 피어 장관을 이루고 가을에는 갈대꽃이 걸음을 멈추게 한다. 갖가지 꽃을 만날 수 있는 야생화원과 코스모스 밭도 놓칠 수 없는 볼거리. 나무 사이로 난 오솔길을 따라 천천히 걸으면서 다양한 가을 풍경을 감상하다보면 시간이 어떻게 흘러가는지 까맣게 잊게 된다. 워낙 넓은 공간이라 하루 중 어느 때 방문해도 좋지만 가을 기분을 제대로 느끼고 싶다면 서쪽으로 해가 기우는 오후 시간대를 맞춰 방문하는 것이 좋다. 아이들과 함께 자전거를 타거나 뛰어 놀기에도 더할 나위 없이 좋은 공간이다.
대저생태공원,강서구,35.20498,128.98273,부산광역시 강서구 대저1동 2314-11,519716011,"가족,부모,아이,커플,친구,혼자",사계절,"자연, 공원, 걷기, 이색여행",기타,계절마다 다양한 꽃과 식물을 심어 관광객들에게 볼거리를 제공하는 대저생태공원도 가을이면 이색적인 풍경이 펼쳐진다. 올해는 코로나19 여파로 대규모 꽃단지를 만날 수는 없지만 공원 한편에 심어놓은 핑크뮬리는 예전보다 더 화려한 모습으로 우리를 기다리고 있다. 대저생태공원에 조성된 핑크뮬리 군락은 을숙도 생태공원보다 훨씬 면적이 넓다. 좁은 공간에 많은 사람이 몰려들면 사진을 찍기도 구경을 하기도 힘들지만 대저생태공원은 물리적 공간이 넓어 그런 걱정은 넣어두어도 된다. 을숙도나 삼락생태공원처럼 도심과 완전히 동떨어진 듯 한 풍경은 아니지만 낙동강 주변의 넓은 공간이 주는 시원함이 대저생태공원의 매력이다. 산이 많은 부산은 생각보다 평지가 많지 않다. 대부분 비탈이거나 언덕이어서 지평선을 만나기 어렵다. 하지만 대저생태공원에선 지평선을 마주하게 된다. 지하철 3호선 강서구청 역에서 가까워 언제든 찾을 수 있는 것도 장점이다.? 강둑을 따라 산책로가 길게 이어진다. 길옆으로 나무들이 보기 좋게 줄을 서 있고 그 사이로 갈대꽃이 드문드문 얼굴을 내민다. 대나무숲길도 만날 수 있다. 삼락생태공원만큼 압도적인 풍경은 아니지만 가을 분위기를 느끼기엔 부족함이 없다. 근처의 김해공항에서 날아오른 비행기와 하늘 가득 번지는 노을이 만나는 시간에는 여행 감성이 절정으로 치닫는다. 두 손에 카메라가 있다면 무조건 셔터를 눌러야할 매직 타임이다.
흰여울문화마을,영도구,35.07828,129.04531,부산광역시 영도구 절영로 250,514194067,"가족,부모,아이,커플,친구,혼자","봄,여름,가을","자연, 걷기",기타,"감천문화마을에서 차로 이동하면 금방 도착할 수 있는 영도 흰여울문화마을로 갔어요. 감천문화마을과 달리 사람이 많지 않아서 좋았는데, 파도소리를 들으며 상대적으로 여유로운 시간을 보낼 수 있었답니다. 변호인 촬영지로 유명한 골목길을 따라 걸었는데 사람이 없는 시간 때라서 한적했어요. 대박이도 사람에 치일 걱정하지 않고 걸을 수 있어서 신나 보였고 견주로서 행복했어요 :) 흰여울문화마을은 산책하는 길 곳곳마다 아름다운 풍경을 볼 수 있다는 게 매력인 것 같아요! 반려견과 여유롭게 걸으며 멋진 풍경을 보고 싶다면 흰여울문화마을을 추천해요!"
감천문화마을,사하구,35.09731,129.01028,부산광역시 사하구 감내2로 203 감천문화마을안내센터,512041444,"가족,부모,아이,커플,친구,혼자","봄,여름,가을","자연, 걷기",기타,"알록달록한 감천문화마을! 한국의 산토리니, 마추픽추로 불리는 만큼 감천문화마을만의 감성적인 분위기가 느껴졌고 볼거리가 가득했는데요! 반려견 대박이에게도 색다른 풍경을 보여줄 수 있을 것 같았어요. 역시 부산의 명소답게 구경하는 사람들이 많았는데요. 많은 인파로 인해 안전이 우려될 때는 안고 돌아다녔어요~ 대박이를 보고 귀엽다고 좋아해 주는 분들도 많았는데 그때 반려견과 인사할 때 주의할 점을 알려드렸어요. 반려견과 인사할 때 참고할 점 1. 주인에게 허락을 받는다. 2. 만질 때 선체로 팔을 뻗지 않는다. 3. 머리를 마구 쓰다듬지 않는다. 4. 반려견이 인사하고 싶지 않다는 표현(귀를 뒤로 젖힌다거나 물러서는 행동)을 했을 때 억지로 인사하지 않는다. 위 네 가지 사항을 지켜주신다면 반려견도, 견주도 친절히 소통하는 방법을 가르쳐 줄 거예요."
구덕문화공원,서구,35.12617,129.00514,부산광역시 서구 꽃마을로163번길 73,512403521,"가족,부모,아이,친구","봄,여름,가을","자연,공원,걷기",산,"많은 시간을 집안에서 보내는 일이 많아진 요즘입니다. 코로나 상황이 종료되는 그날까지는 언택트 트렌드에 맞춰 거리두기가 가능한 야외활동 장소를 찾을 수 밖에 없는데요, 부산 서대신동 꽃마을에 인접한 구덕문화공원으로 한적한 산책 한 번 나가실래요? 구덕산 숲 속에 위치한 구덕문화공원은 울창한 숲이 우거진 산책로를 걸으며 마음의 평온을 얻을 수 있는 보물 같은 장소입니다. 싱그러운 초록의 숲이 전해주는 밝고 건강한 에너지를 한껏 누릴 수 있는 곳이에요. 숲길 일주를 하는 데 대략 40~50분 정도 소요되는 제법 넓은 공원입니다. 시간의 여유를 가지고 충분한 숲 속 힐링을 느껴보세요."
동래시장,동래구,35.20391,129.08588,부산광역시 동래구 동래시장길 14,515521651,"가족,부모,아이,커플,친구,혼자",사계절,쇼핑,도시,"2층짜리 깔끔한 현대식 건물인 동래시장의 나이는 벌써 250살. 조선시대 부산지역 최대 5일장이었던 동래장터가 현재까지 동래에서 가장 큰 규모를 자랑하는 전통시장으로 이어지고 있다. 시장 내 점포들도 오랜 기간 전통을 유지해 온 집들이 많다. 건물 바깥쪽을 둘러싼 한약재상, 가격을 좀처럼 올리지 않는 식당가, 애교로 흥정이 가능한 패션잡화 등 대부분의 가게가 최소 40 ~ 50년 경력을 자랑한다. 가격 저렴, 상품 고퀄, 소문난 맛집 하면 동래시장!"
부산어촌민속관,북구,35.23407,129.00859,부산광역시 북구 학사로 128,515508882,"부모,아이,커플,친구,혼자",사게절,"문화,체험",도시,지금은 거대한 해양관광수도의 상징이 되었지만 과거 부산은 조그만 어촌마을에 지나지 않았다. 오로지 바다와 낙동강에 삶을 의지하며 어촌문화를 꽃피운 선조들의 삶을 엿볼 수 있는 부산어촌민속관은 낙동강과 함께 수천 년을 살아 온 사람들에 대한 이야기와 그들의 삶에 녹아든 민속 문화를 생생하게 재현해 놓은 곳이다. 오늘은 강에서 바다로 이어지는 부산 어촌문화에 대한 여행을 계획해보는 것은 어떨까.
해운대시장,해운대구,35.16165,129.16211,부산 해운대구 구남로41번길 22-1,517463001,"가족,부모,아이,커플,친구,혼자",사계절,쇼핑,도시,"해운대 해수욕장과 5분 거리에 위치한 해운대시장은 다양한 먹거리와 볼거리로 항상 북적인다. 전국적으로 유명세를 탄 떡볶이, 튀김, 칼국수, 꽈배기, 돼지국밥 등의 가게 앞에는 기다리는 사람들로 인산인해를 이룬다. 각종 부식거리를 비롯하여 활어회, 곰장어구이 등도 성업 중이라 말 그대로 골라먹는 천국이다. 구경거리 많은 재래시장 돌아보며 인심 좋은 주인장 만나 덤 하나 얻어오는 행운도 누릴 수 있다."
조선통신사역사관,동구,35.13575,129.06203,부산광역시 동구 자성로99,516310858,"가족,아이,커플,친구,혼자",사계절,"역사,문화",도시,조선통신사역사관은 한일 양국의 평화를 위해 조선에서 일본으로 파견된 대규모 국가사절단인 조선통신사의 행적을 재미있게 알려주는 탐방 공간이다. 이와 더불어 매년 5월 광복로 일원에서는 한?일 양국이 참가하는 통신사 행렬 재현 조선통신사축제가 열린다. ** 코로나19의 여파로 조선통신사역사관은 이용제한이 있을 수 있으니 사전에 홈페이지 안내사항을 꼭 확인해 주세요.
아미산 전망대,사하구,35.05272,128.96075,부산광역시 사하구 다대낙조2길 77,512656863,"가족,부모,아이,커플,친구,혼자",사계절,자연,바다,"영남지방 전역을 시원하게 관통하는 낙동강, 그 끝자락이 남해와 만나 바다가 되기 직전 강줄기 따라 실려 온 모래는 거대한 삼각주가 되어 비옥한 땅을 이룬다. 풍부한 먹이와 깨끗한 수질로 수많은 철새들의 삶의 터전이 되는 낙동강 하류. 강과 바다가 만나 이루는 환상적인 분위기를 느끼고 싶다면 아미산전망대로 가보자."
송도해수욕장,서구,35.07595,129.01694,부산광역시 서구 송도해변로 100,512310252,"가족,부모,아이,커플,친구,혼자",사계절,자연,바다,"나이 지긋한 어르신의 추억 속 해수욕장이 젊은이들의 핫플로 다시 태어났다면? SNS를 뜨겁게 달구며 너도나도 업로드 경쟁중인 장소의 주인공 송도해수욕장으로 간다. 송도해수욕장은 1913년에 개장한 우리나라 1호 해수욕장으로 개장 100주년을 넘어선 해수욕장이다. 1960~70년대 최고의 전성기를 누렸으나 80년대에 들어서면서 아무도 찾지 않는 쓸쓸한 해수욕장이 되어버렸다. 하지만 천혜의 자연환경을 가진 송도해수욕장의 훼손을 안타까워하는 마음이 모여 지속적인 정비가 이루어졌고, 그 결과 예전보다 더 아름다운 해수욕장으로 변모하였다. 깨끗한 모래사장과 맑은 수질, 구름산책로, 해상케이블카를 가진 송도해수욕장은 이제 연간 500만이 넘는 관광객이 찾는 명소가 되었다."
태종대 (부산 국가지질공원),영도구,35.05264,129.08781,부산광역시 영도구 전망로 24,514058745,혼자,"봄,여름,가을","자연,공원,걷기","바다,산",초록으로 우거진 싱그러운 숲길을 거닐며 푸른 바다를 한눈에 바라볼 수 있는 곳. 오랜 세월 파도에 깎여 각양각색의 신비를 가지게 된 바위해안이 그 수려함을 자랑하는 곳. 부산 영도 남쪽 끝에 자리하고 있는 태종대의 이야기다. 태종대는 신라의 태종무열왕이 이곳의 경치에 반해 활쏘기를 즐기며 쉬어갔다 하여 유래된 이름이라 한다. 짙푸른 바다에 둘러싸인 기암괴석과 우거진 녹음이 반가운 인사를 건네는 태종대는 빠지지 않는 전국 여행코스 중 하나다.
다대포해수욕장,사하구,35.04652,128.96283,부산광역시 사하구 몰운대1길 14,512204127,"가족,부모,아이,커플,친구,혼자","봄,가을",자연,바다,"낙동강과 남해안이 만나 양질의 모래밭을 만든 곳, 일출과 일몰 조망지로 부산 최고인 곳, 다대포해수욕장은 자연이 주는 황홀경을 맘껏 즐길 수 있는 기분 좋은 장소이다."
광안리해수욕장,수영구,35.15318,129.11887,부산광역시 수영구 광안해변로 219,516224251,"아이,커플,친구,혼자",사계절,"자연,문화,체험",바다,"광안대교라는 랜드마크와 함께 부산을 대표하는 해수욕장 중 하나로 꼽히는 광안리 해수욕장. 도심과 가장 가까운 해변이자 부산 젊은이들의 성지라 할 수 있다. 전국에서 모여드는 이들의 입맛을 모두 충족시킬 수 있는 다양한 맛집의 향연, 바다가 보이는 카페, 골목 곳곳에 위치한 이색 공간, 봄이면 온 거리를 분홍빛으로 물들이는 남천동 벚꽃거리까지. 새하얀 백사장과 푸르른 바다 말고도, 광안리가 간직한 매력은 무궁무진하다."
송정해수욕장,해운대구,35.17862,129.19943,부산광역시 해운대구 송정해변로 62,517497612,"친구,혼자",가을,자연,바다,"해운대를 지나 달맞이길 따라 돌아 내려오면 넓고 길게 펼쳐진 백사장이 보인다. 그곳이 바로 서퍼들이 사랑하는 바다, 송정해수욕장이다. 해운대, 광안리와 더불어 부산 동부의 3대 해수욕장으로 손꼽히는 송정해수욕장은 수심이 낮고 경사가 완만하여 가족단위 피서지로 인기가 높다. 최근 들어서는 사계절 내내 서퍼들이 몰려드는 서핑의 성지로 각광받고 있다. 동해와 남해가 맞닿아 있는 위치 덕분에 북풍과 남풍의 영향을 동시에 받는데, 이는 사시사철 높은 파도가 끊임없이 들어오는 좋은 조건을 만들어준다. 낮은 수심 덕분에 서핑 입문자들에게는 더 없이 좋은 장소이다. 해수욕장을 둘러싸고 다양한 서핑 숍이 성업 중이다. 서핑 숍에서는 초급부터 고급까지 단계적으로 배울 수 있다."
오륙도 (부산 국가지질공원),남구,35.10217,129.12334,부산광역시 남구 오륙도로 137,516076395,"커플,친구,혼자","봄,여름,가을","자연,공원",바다,"동해와 남해가 만나는 에메랄드 빛 바다. 눈부시게 푸른 양탄자 위 5개의 섬, 때로는 6개의 섬. 오륙도 앞바다는 방문객들의 마음을 설레게 하기에 부족함이 없다. 부산에 속한 다양한 섬들 가운데서도 아름답기로 손꼽히는 오륙도는 남구 용호동에 속한 바위섬이다. 8천만 년 전, 화산활동으로 만들어진 암석이라는 지질학적 가치를 인정받아 부산국가지질공원으로 지정되었다. 더불어 보호대상 해양생물이 살고 있는 해양보호구역이자 국가지정문화재이기도 하다."
암남공원,서구,35.05881,129.01566,부산 서구 암남공원로 185,512404538,"커플,친구,혼자",사계절,"자연,걷기","바다,도시","소나무 숲 사이로 보이는 남해 바다. 그 위로 비치는 햇빛. 반짝이는 물결 사이로 떠 있는 배들의 모습. 여행자의 마음에 여유를 선물하는 아름다운 곳, 암남반도 남쪽 끝자락에 위치한 암남공원이 그곳이다."
청사포,해운대구,35.16021,129.19138,부산광역시  해운대구 청사포로128번길 25,517494000,"가족,부모,아이,커플,친구,혼자",사계절,자연,바다,"분명히 부산 시내에 있지만 멀리 떨어진 어촌마을로 온 듯한 기분을 선사해주는 청사포 그 소박한 풍경 속으로 떠난다. 청사포의 ‘청사’는 ‘푸른 모래’ 라는 뜻이다. 이름만 들어도 왠지 설레고 청량한 느낌이 드는 예쁜 이름의 청사포. 도시철도 장산역에서 언덕을 넘어 골목길을 따라 내려오면 청사포 입구 교차로가 보이고, 그 너머로 작은 어촌 마을 청사포가 모습을 드러낸다. 언덕을 넘는 순간 내려다보이는 청사포의 아름다운 모습에 눈을 뗄 수 없다."
황령산 전망대,남구,35.18115,129.08269,부산 남구 황령산로 391-39,7075427080,"커플,친구,혼자",사계절,자연,산,"부산의 4개 구에 걸쳐 자리한 황령산, 도심을 감싸며 시원하게 뻗어 내린 산맥이 초록의 울창한 숲을 선물처럼 내어준다. 숲길 걷기 좋아하는 등산객들에겐 숲과 바람과 하늘을 내어주고, 야경을 즐기는 관광객들에겐 황홀한 빛의 세계를 선사해 주는 곳, 황령산 전망쉼터를 소개한다. 황령산 전망대의 일몰은 충분히 기다릴 가치가 있다. 주변이 어둑어둑해지면 하늘이 붉게 물들고 도시는 황금빛으로 물들기 시작한다. 낭만이 가득한 사랑스러운 도시 부산을 만날 수 있는 시간.  흔들의자에 앉아 눈부신 황혼을 바라만 보아도 그 순간은 힐링이다. 매직아워가 사라지면 도시는 일제히 불을 밝힌다. 저마다 뽐내는 화려한 조명에 눈이 행복해지는 순간이다. 까만 밤바다와 어우러진 형형색색의 조명이 부산의 밤을 더욱 아름답게 수놓는다. 부산의 바다와 도시가 어우러져 놀라운 파노라마를 선물하는 곳. 황령산 전망쉼터는 여행자에게 낮과 밤의 각기 다른 설렘을 담아보라 말한다."
가덕도 연대봉,강서구,35.02687,128.83395,부산광역시 강서구 천성동,519704062,"아이,커플,친구,혼자",사계절,"자연,걷기","바다,산","예로부터 더덕이 많이 나서 붙여졌다는 이름 가덕도는 부산에 속한 섬 중 가장 큰 섬이지만 서쪽 제일 끝에 위치해 있어 일부 사람들에게는 낯선 곳이기도 했다. 하지만 가덕도는 신석기 시대부터 사람이 살았던 것으로 추정되고, 역사적으로 임진왜란과 일제강점기까지 일본과 기나긴 악연을 가진 섬이기도 하다. 연대봉은 섬의 가장 높은 곳에서 사연 많은 가덕도의 역사를 오늘날까지 꿋꿋이 품어주고 있다."
백양산 (부산 국가지질공원),부산진구,35.18282,129.02196,부산광역시 부산진구 당감동,516054000,"아이,커플,친구,혼자","봄,여름,가을","자연,걷기",산,"부산의 사상구, 북구, 부산진구를 아우르는 백양산은 부산의 많은 산들 중 유독 등산객들이 사랑하는 곳이다. 어디를 가도 코스가 잘 정비돼 있어 등산뿐만 아니라 산악자전거나 산악오토바이를 즐기는 이들에게도 인기다. 크게는 어린이대공원 입구를 시작으로 성지곡수원지를 지나 정상으로 올라가는 코스와 선암사에서 출발해 정상으로 가는 코스가 대표적이다."
성지곡수원지,부산진구,35.18706,129.04015,부산 부산진구 새싹로 295,518607848,"친구,혼자","봄,여름,가을","자연,공원,걷기",산,"울창한 나무숲, 고즈넉한 호수, 그리고 피톤치드 가득한 산책로까지. 부산 어린이대공원 안에 위치한 성지곡수원지는 부산 시민이라면 누구나 추억 한 자락 간직하지 않은 이가 없을 정도로 예전부터 시민들의 사랑을 받아왔다. 고요한 수원지 주변은 누구에게나 마음의 평온을 주는 종합선물세트 같은 장소다."
승학산,사하구,35.11664,128.97968,부산광역시 사하구 당리동 산 45-1,512204536,"부모,아이,커플,친구,혼자",사계절,"자연,걷기",산,가을이 되면 하얀 억새군락이 멋진 장관을 연출하는 승학산은 가을 트레킹의 필수 코스 중 하나다. 능선을 따라 드넓게 펼쳐진 승학산의 초원에는 햇빛을 받아 황금빛으로 하늘거리는 억새풀이 가득하다. 가을의 정취를 한층 더해주는 승학산의 억새를 찾아 즐거운 마음으로 트레킹에 나선다.
아홉산숲,기장군,35.27833,129.17046,부산광역시 기장군 철마면 미동길 37-1,517219183,"아이,커플,친구,혼자","봄,여름,가을","자연,걷기",산,"일제강점기, 해방과 전쟁을 지나 산업화를 거치면서도 개방되지 않았던 자연 본연의 모습을 간직한 숲.400년 간 세상에 공개되지 않았던 이곳, 부산 기장군에 위치한 아홉산숲이 그 주인공이다. 아홉산숲의 아홉산은 아홉 골짜기를 품고 있다는 뜻의 순 우리말이 남아있는 이름이다."
일광해수욕장,기장군,35.26002,129.23361,부산광역시 기장군 일광면 삼성3길 17,517094000,"부모,아이,커플,친구,혼자","봄,여름,가을",자연,바다,"부산시민이 사랑하는 바다, 일광해수욕장. 역사적으로 기장 8경 중 하나로 꼽힐 만큼 아름다운 일광해수욕장은 과거에 해안선을 따라 노송 숲이 있었다고 전해지는데 고려시대부터 정몽주를 비롯한 인사들이 유람했던 절경 중 하나였다고 한다. 일광해수욕장이 위치하고 있는 일광면 삼성리의 이름은 삼성대(三聖臺)에서 유래되었다. 삼성대는 ‘샘섟대’라는 옛말에서 비롯되었다고 전해지는데, 샘은 약수샘, 섟은 배를 매어두는 곳을 말한다고 한다. 현재는 백사장의 가운데 둔덕을 가리켜 삼성대라고 부른다."
임랑해수욕장,기장군,35.31905,129.26451,부산광역시 기장군 장안읍 갑골길,517094000,"아이,커플,친구,혼자","봄,여름,가을",자연,바다,"여름하면 바다, 바다하면 부산이지만 아직까지 타지인들에게는 많이 알려지지 않은 해수욕장이 있다. 부산 시민이 사랑하는, 기장군의 양대 해수욕장 중 하나인 임랑해수욕장이 그 주인공이다. 입에 머무르는 느낌마저 따뜻한 ‘임랑’이라는 이름은 아름다운 송림(松林)과 달빛에 반짝이는 은빛 파랑(波浪)의 두 글자에서 유래되었다. 임랑해수욕장의 백사장은 1km 이상 이어지며 바다를 감싸고 있는데 그 색이 매우 밝은 게 특징이다.  이곳을 처음 방문하는 이들이라면 첫눈에 하얀 백사장에 반하고 말 것이다."
봉래산,영도구,35.08219,129.05524,부산광역시 영도구 신선동3가 산3,514194041,"가족,커플,친구,혼자",사게절,"자연,걷기",산,"봉황이 내려온다는 산 이름이 너무 거창하다고? 봉래산에 올라 마침내 그 풍광을 가지는 순간 이름에 대한 의구심은 사라진다. 울퉁불퉁 바위 사이 가파른 경사를 오르기도 하고, 스멀스멀 물안개를 헤치며 둘레길을 걷기도 한다. 조내기 고구마가 영도의 특산물임을 알려주는 역사공원에도 한번 들러본다. 산허리에 걸린 구름을 지나쳐 투덜투덜 정상에 오르면 과연 여기에 봉황이 노닐었겠구나 싶은 전경이 펼쳐진다. 쉴 새 없이 삐죽거리던 입이 쏙 들어간다. 어느 방향이든 드넓은 바다 조망과 도심 전경을 동시에 선사하는 봉래산 정상에 참 잘 왔다."
회동수원지,금정구,35.25905,129.11096,부산광역시 금정구 수원지로,515194081,"커플,친구,혼자","봄,여름,가을","자연,걷기",산,"회동수원지는 면적이 큰 만큼 강과 호수, 숲이 어우러진 명품 산책로를 간직하고 있다. 사람들의 발길이 오랜 시간 머물지 않아 자연 그대로를 담고 있는 곳으로 땅뫼산 황토숲길, 편백나무숲, 갈맷길 등 도심 속 숲길 산책을 즐기고 싶은 시민들의 힐링 명소로 사랑 받고 있다."
부산시민공원,부산진구,35.16841,129.05739,부산광역시 부산진구 시민공원로 73,518506000,"가족,부모,아이,커플,친구,혼자",사계절,공원,도시,"군부대와 공원. 정반대에 놓여있는 느낌의 두 단어다. 하지만 군부대가 공원으로 다시 태어난 곳이 있으니, 바로 부산시민공원이다. 광복 후 미군 하야리아 부대로 이 땅이 불린지 70여 년 만에 부산시민의 따뜻한 쉼터로 돌아온 부산시민공원을 둘러본다."
용두산공원,중구,35.10072,129.03264,부산광역시 중구 용두산길 37-55,518607820,"부모,아이,커플,친구,혼자",사계절,"문화,공원",도시,"용두산공원이 거기 있기 때문에 부산으로 간다? 맞다. 요즘은 용두산공원이 부산여행의 이유가 되었다. 부산 동부권역에 명소 해운대가 있다면 중부권에는 역시 남포동이 최고의 핫플레이스, 그 중 용두산공원은 부산을 찾는 이들이 빼놓지 않고 찾는 부산 대표 랜드마크다."
민락수변공원,수영구,35.15591,129.13435,부산 수영구 광안해변로 361,517517979,"아이,커플,친구,혼자","봄,여름,가을","자연,공원",바다,"바다에서 불어오는 바람을 가장 먼저 맞는 곳. 마린시티와 광안대교의 야경을 가장 가까운 곳에서 만나는 곳. 여름이면 남녀노소가 모이는 휴식처, 민락수변공원이다. 1997년 개장한 민락수변공원은 마린시티와 광안대교가 생기기 이전부터 부산시민들의 휴식처로 사랑받아왔다. 푸른 하늘과 끝없는 바다가 한눈에 펼쳐지는 풍경은 주변의 환경이 여러 번 바뀌는 동안에도 그 자리를 굳건히 지켜왔다."
누리마루 APEC하우스,해운대구,35.17031,129.12564,부산광역시 해운대구 수영강변대로 93,517494000,"커플,친구,혼자","봄,여름,가을","자연,공원",기타,"변화 없는 일상이 지루할 때, 혹은 변화무쌍한 매일이 지칠 때. 책 한권 달랑 들고 조용한 APEC나루공원으로 간다. 수영강변 따라 뻗어 있는 도심 속 작은 공원이지만 책을 읽을 수 있는 테이블도 있고, 산책로, 조깅코스, 조각공원까지 갖춘 내실탄탄한 공원이다. 나무그늘 아래 한 자리, 강바람 느끼며 책장을 넘길 수 있는 여유를 맘껏 즐긴다. 독서가 체질이 아닌가? 그럼 살랑살랑 산책은 어떨까. 따릉따릉 자전거 타고 공원을 누비는 것도 이곳에서 찾을 수 있는 평화로운 광경이다. 부산 도심 속 소확행은 APEC나루공원에서 이루어진다."
어린이대공원,부산진구,35.18499,129.04153,부산광역시 부산진구 새싹로 295,518607848,"아이,커플,친구,혼자",사계절,"자연,공원","산,도시","아이와 함께라면? 일단 어린이대공원으로 가자. 부산 어린이대공원이 아름다운 순환산책로의 탄생과 함께 가족 방문객들의 최애 장소로 변모했다. 어린이회관에 이르는 길은 오르막이긴 하지만 어린이 놀이터를 비롯해 볼거리, 놀거리가 많아 동심은 끊임없이 즐겁다. 우거진 숲속엔 꼬마 아이들도 쉽게 걸을 수 있는 산책로가 있고, 나무 사이사이 피크닉을 즐길 수 있는 야외테이블도 자리한다. 계곡 따라 흐르는 시원한 물소리 들으며 가족과 함께 자연이 전해주는 치유의 시간을 즐겨보자."
금강공원,동래구,35.22047,129.07494,부산 동래구 우장춘로 155,518607880,"커플,친구,혼자","봄,여름,가을","자연,공원,걷기",산,"부산시민공원이 생기기 전, 부산에서 가장 유명한 공원은 바로 이곳이었다. 모든 부산 사람의 기억에 자리 잡고 있는 금강공원과 금강식물원이다. 일본 상인이 금정산자락의 일부를 자신의 개인 정원으로 꾸며 만든 이곳이 광복 후 공원으로 지정되면서 ‘금강공원’이라는 이름을 갖게 됐다. ‘금강’이라는 이름은 금정산의 수려함이 금강산에 버금간다 하여 ‘소금강’이라고 불렸는데, 여기서 따온 이름이다."
대신공원,서구,35.12181,129.01564,부산광역시 서구 대신공원로 37-18,518607830,"부모,아이,커플,친구,혼자",사계절,"공원,걷기",산,"수령 높은 노목들이 오색찬란하게 빛을 발하는 도심 속 휴식 공간 대신공원은 대한민국 아름다운 숲 대회에서 누리상을 수상한 숲이기도 하다. 그만큼 울창한 숲과 맑은 계곡을 지닌 자연 그대로의 힐링 쉼터이다. 계곡물에 발 담그고 찰방찰방하는 사람들 구경하며 산책을 이어간다. 입구에서 멀지 않은 곳에 자리한 빽빽한 편백림은 건강한 기운을 마구마구 뿜어낸다. 기분이 꽤 상쾌하다. 구덕저수지를 따라 드리워진 나무 아래 정겨운 벤치가 어서 앉아보라 손짓 하고, 저수지에 반영된 또 하나의 풍경은 한 폭의 그림이 된다."
수영사적공원,수영구,35.17096,129.11431,부산광역시 수영구 수영성로 43,516104372,"커플,친구,혼자","봄,여름,가을","역사,공원",도시,조선시대 남해안 수군지휘부 경상좌도수군절도사영이 있던 자리가 현재의 수영사적공원이다. 수군절도사영의 줄임말 ‘수영’이 현재의 지명으로 그대로 굳어졌다고 한다. 역사적 상징성을 가진 유적공원이지만 시민들의 가벼운 산책공간으로 더 친근하다. 나무가 우거진 시원한 오솔길은 도심 속 힐링 장소로 손색이 없다. 놀이마당에서는 수영야류 등 무형문화재 공연이 정기적으로 열린다.
화명생태공원,북구,35.25257,129.04205,부산광역시 북구 산성로 299,513620261,"부모,아이,커플,친구,혼자",사계절,"공원,걷기",산,"부산의 명산 금정산 자락에 사뿐히 내려앉은 화명수목원. 계곡을 채워 흐르는 시원한 물줄기와 산내음 가득한 바람이 기분 좋은 하루를 만들어 주는 곳. 수목원 곳곳이 산책로이자 쉼터인 덕에 숲속을 여유롭게 즐기기만 하면 된다. 연못 위로 가로놓인 구름다리마저 자연이 되고, 침엽수와 활엽수는 물론 야생화와 아열대 식물까지 거대한 식물도감이 되어 눈앞에 펼쳐진다."
우장춘기념관,동래구,35.21354,129.07202,부산광역시 동래구 우장춘로62번길 7,515506633,"부모,아이,커플,친구,혼자",사계절,"역사,문화",도시,"일본에서 나고 자란 농학자 우장춘 박사는 해방 후 한국정부의 초청으로 귀국한 뒤 일본에 의존할 수밖에 없었던 채소종자를 품종개량을 통해 국내 완전자급이 가능하도록 전력을 기울인 분이다. 아버지의 지난 과오에 속죄하는 마음으로 우리나라 땅에 맞는 작물을 연구, 개발하는데 헌신하였고 그 덕에 후손들은 맛있는 토종 작물을 먹을 수 있게 되었다. 오늘은 기념관에 들러 우장춘 박사께 존경의 마음을 전해보는 건 어떨까."
요산문학관,금정구,35.27258,129.08571,부산광역시 금정구 팔송로 60-6,515151655,"가족,부모,아이,커플,친구,혼자",사계절,문화,도시,"요산문학관은 부산의 변방, 소외된 사람들의 삶을 소설로 고발한 요산 김정한 선생의 문학을 기리는 공간이자 지역민들을 위한 열린 문화 공간이다. 일제강점기와 한국전쟁을 지나며 권력에 빌붙어 불의를 일삼는 사람들을 향해 그의 소설 속 주인공은 ‘사람답게 살아가라’고 일침을 놓는다. 요산문학관에서 만나는 김정한 선생은 너그러운 웃음 가진 옆집 할아버지의 모습이지만, 민중을 선동하는 요주의 작가로 지목될 만큼 평생을 민족의식 고취에 남다른 의욕을 보였다. 전시관에는 선생의 육필원고와 직접 만든 한글카드, 소장도서 등이 전시되어 있다. ** 코로나19의 여파로 요산문학관은 이용제한이 있을 수 있으니 사전에 홈페이지 안내사항을 꼭 확인해 주세요."
수산과학관,기장군,35.19368,129.22423,부산광역시 기장군 기장읍 기장해안로 216,517203061,"가족,부모,아이,혼자",사계절,문화,바다,전시관 입구에서부터 참고래 실물 뼈가 관람객을 놀라게 하는 국립수산과학관으로 가보자. 신비로운 푸른 바다 복도를 지나 신기하고 재미있는 바다 친구들이 어린이들을 기다린다. 선박을 조종하는 키를 잡은 손에서 미래 해양인의 꿈이 자란다. ** 코로나19의 여파로 국립수산과학관은 이용제한이 있을 수 있으니 사전에 홈페이지 안내사항을 꼭 확인해 주세요.
부산해양자연사박물관,동래구,35.22178,129.07591,부산광역시 동래구 우장춘로 175,515534944,"가족,아이,커플,친구,혼자",사계절,문화,도시,"바닷속 신비함을 만날 수 있는 부산해양자연사박물관은 살아있는 해양의 보고다. 국제적으로 희귀한 자연사 자료 25,000여 점을 수집 및 전시하고 있다. 호기심 가득한 어린이들을 위한 최고의 체험관."
부산기상관측소,중구,35.10497,129.03218,부산광역시 중구 복병산길32번길 5-11,517180200,"부모,아이,커플,친구,혼자",사계절,"역사,문화",도시,"살랑살랑 바람 불어 기분 좋은 날에는 부산기상관측소로 향해보자. 부산기상관측소는 1934년 당시 중구 일대에서 가장 높았던 복병산 자락으로 옮겨왔다. 이 건물은 일제강점기 근대건축물의 특징을 그대로 간직한 것으로 큰 바다로 나아가는 선박의 모양을 본 따 지어진 것이라 한다. 세계기상기구(WMO)에서 선정한 ‘100년 관측소’이다. 용두산 공원과 부산타워, 멀리는 남항대교까지 조망할 수 있는 기상전망대도 놓치지 말자."
